index,pos,id,svtype,svlen,end,af,dv,dr,depth,alt,ref,sample,iteration,group,choc,period,orfs,families
38,1210,Sniffles2.INS.CS0,INS,12,1210,0.016,11,670,681,TGTGATGTATTG,N,5,50,6,cold,after,['CyHV3_ORF1_1'],[]
824,53453,Sniffles2.INS.1ES0,INS,15,53453,0.035,55,1538,1593,ATTCAACCCCGGCAG,N,3,30,291,cold,choc,['CyHV3_ORF30'],[]
1634,186552,Sniffles2.DEL.247S0,DEL,-11,186563,0.089,13,133,146,N,ATCAAAGATAC,6,65,539,heat,after,"['CyHV3_ORF99', 'CyHV3_ORF100']",['conserved']
697,47131,Sniffles2.INS.4DS0,INS,18,47131,0.1,113,1014,1127,CACAGGGACCGTCCACCG,N,7,50,272,heat,after,['CyHV3_ORF25'],['ORF25']
789,53453,Sniffles2.INS.2CS0,INS,38,53453,0.122,196,1407,1603,CCTCAACCCCGGCAGGAGTCGTCCACGATGGTGACACC,N,6,50,288,heat,after,['CyHV3_ORF30'],[]
1197,95731,Sniffles2.DEL.25CS0,DEL,-11,95742,0.167,128,637,765,N,TTGACAAAGTG,6,15,411,heat,before,['CyHV3_ORF54'],[]
2363,270829,Sniffles2.INS.A5S0,INS,19,270829,0.281,47,120,167,ACAGAGACACAAGACAGAC,N,6,65,748,heat,after,['CyHV3_ORF156'],[]
1955,228198,Sniffles2.INS.2B4S0,INS,74,228198,0.299,210,493,703,ATGAACAGAAAGAAAGCTCAGAAGTGAGATGGGCCAGAAGCACGACAAGTACCAGGGCGCCGATCTCGAGGTCG,N,3,15,640,cold,before,['CyHV3_ORF133'],[]
2085,231446,Sniffles2.INS.2C0S0,INS,12,231446,0.305,218,496,714,CTCTACCTGGTC,N,3,15,679,cold,before,['CyHV3_ORF136'],[]
2043,230496,Sniffles2.INS.352S0,INS,15,230496,0.501,194,193,387,GAGAAGAAAGGTGGT,N,1,15,672,cold,before,['CyHV3_ORF135'],[]
2294,265177,Sniffles2.INS.3C5S0,INS,12,265177,0.89,592,73,665,TTCTTGAAGTGT,N,5,15,729,cold,before,['CyHV3_ORF154'],[]
1091,90594,Sniffles2.INS.112S0,INS,25,90594,0.004,19,4757,4776,GCTCGACCTTATTCCGTTCTCTCAT,N,2,90,368,cold,after,['CyHV3_ORF52'],[]
1185,91622,Sniffles2.DEL.2BDS0,DEL,-10,91632,0.015,11,734,745,N,ATTTTGTGAT,10,90,410,heat,after,['CyHV3_ORF52'],[]
