,pos,id,svtype,svlen,end,af,dv,dr,depth,alt,ref,sample,iteration,group,choc,period,orfs
54,9457,Sniffles2.DEL.1D5S0,DEL,-17,9474,0.594,899,614,1513,N,TCAGGACACTACCATGT,10,90,17,heat,after,['CyHV3_ORF5_1']
140,15501,Sniffles2.INS.35S0,INS,12,15501,1.0,7594,0,7594,TCATCATCATCA,N,9,90,41,heat,after,['CyHV3_ORF7_1']
733,47346,Sniffles2.DEL.2D2S0,DEL,-1850,49196,0.49,979,1020,1999,N,TTCGGGGCCCAGGTTTCCCGGAGGCCCTAAAACACTATAGCGGGCGACGGTAGCGGACGGAGAGTCATTTTTCTTAGCGGCGGGTCTATCATTCTACCCTGGTCAACAGTCTCCCCAGTCCCGAGAGGATGTTCGCCGGTCACAGCAACAGCCTCCGGCGCACGGCCGTGGGCCTGGCCCTCGGCCTGGCCCTGCTCGCCTGCATGGTGCAGGTGTCCGACGCCTTCTACAGCATCACGTACCATCTGCCCCGTCGAGGGCCAAAACTTTACCATGAGGGCGACCTTCTTCACCGATAACCTGACAATCATCAACGCCTTCTGGTTCTTCTCCTCCACCCCCAACGTCAGGCCGTCCACCACCAAGTTCATCACCACCTTCTCGAGGGTGCCCGGGTCCCCGGACCAGTGGCAGACCGTCCTCACCATCGTCGGCTTCACAGCGGCCACAGACGCCAACCGCGTCTTCAACTTTAGACGGGTTCTCGTACCTCGTCGGCACGTTCGGCAACTCGCCCAACATCCCCGCCACCGCGGGCAAGTCGGTCATCAACTTCATTGACACCGCGCCGACGGCCATCACCAACGGCGTGCTGGGATCACCTGCCCTGCAGAGTCTTCTACTCGGTGGGGTACATCGGCGTGCTCAATCAGAACCAGCCTCGCGTCTTTGTCAAAACCGTCGAGCCCGCAGACGACGTCGAGTGGAGCTGCATCTCATACACCTCATACTCCGGGTTCGTGGGCAACGTCGGGACCAGGACCAAGATCTTCATGATCACCCCGCTCCCCACCACCACTGTCACAACTCCCACGACGGCGACCACGCCGACGACACCAACCACCACCCCGACAACCCCAAGCACCACCACCTCGACGACTCCAGAACCACCGCAAGCACTAGCCAGGCTCCTAACACCGTCGCAAGCACTACCACCACCACAACCCTCGCCACCCTGCCGCCGACCGAGGCGCCCAGCACCCAGCTCACCACCACCGTCGTCCTCTTCATCATGCTCTCCGTCTTTGAGGTCGTGGTGATCGGGGCCGTGGTCGCGCTCTGCGTCGGAGTCGCCAACCAGGCCGGCTCCTCTTACTCACGTTTCAAATAAAACAGTGTCAAAGAATCATTTTTCTTGACCTGGTAGACTTTTTGTCTGTGTGTACCCCGGTGAATCGTGGTCATATCATGGGGATCATGCCAAACTCAGTTTGGCTCGCGGAGCCGCTGCCTCTGCTCCTGTACCTGCTCCTGCTGCCATCACCGATCGACGCCTTCTATGCCGTCAAGTACAGCTCGCCCACCTCGGCCACATGCCCCATCGCCGGCCAGCCCTACGTCGTGCAGGCCCTCTTCCAGGCCGACAACCGGACCGTCACGGCGCGAGATGGCTGAACCCCACCAACGGCGTCCTCACCCAGTCCGCCATCGCGGCCAGAGCCAACATCACCTTCTGGAAAACCGGTGACACTTGGACCTCCTGGCTCACCCTGACGCCCTTCGTCGCGACGGACTCCACGCCGTACGTGTTCATGCTACTCAGCAACTCGACCAACTTGACCGTCGGTTTCACCTTCACCACCAACTTCACCGTGCCCGCAGCGGCCACCTTCAGGGTAAACGTGACCGGCGTCAACCTGGTGCGATGTATACCGTCCTGCGACAGACCCGGCATGACCTACACCTGGCGCCTCAACAACGCCACCGTCGTTGGAGCCGTCGCGCAGAACCTCACCATCGCGGCATCGGGCAACTACACCTGTGCTTACGCCAATTCCACAGTCTCCAACGCCACCTTCGTCCAGTTCACGCCGCCGACCACGACGCAAACGACCAACACCCCAACCACG,7,90,279,heat,after,"['CyHV3_ORF25', 'CyHV3_ORF26', 'CyHV3_ORF27']"
864,60281,Sniffles2.DEL.4AES0,DEL,-25,60306,0.547,203,168,371,N,GTATAGACCCGCGTCTCTCGCCAGA,1,15,300,cold,before,['CyHV3_ORF40']
865,60281,Sniffles2.DEL.268S0,DEL,-25,60306,0.49,520,541,1061,N,GTATAGACCCGCGTCTCTCGCCAGA,1,30,300,cold,choc,['CyHV3_ORF40']
866,60281,Sniffles2.DEL.281S0,DEL,-25,60306,0.882,1032,138,1170,N,GTATAGACCCGCGTCTCTCGCCAGA,1,50,300,cold,after,['CyHV3_ORF40']
867,60281,Sniffles2.DEL.209S0,DEL,-25,60306,1.0,865,0,865,N,GTATAGACCCGCGTCTCTCGCCAGA,1,65,300,cold,after,['CyHV3_ORF40']
868,60281,Sniffles2.DEL.37AS0,DEL,-25,60306,0.305,231,526,757,N,GTATAGACCCGCGTCTCTCGCCAGA,3,15,300,cold,before,['CyHV3_ORF40']
869,60281,Sniffles2.DEL.114S0,DEL,-25,60306,0.902,1479,161,1640,N,GTATAGACCCGCGTCTCTCGCCAGA,3,30,300,cold,choc,['CyHV3_ORF40']
870,60281,Sniffles2.DEL.308S0,DEL,-25,60306,0.802,828,204,1032,N,GTATAGACCCGCGTCTCTCGCCAGA,3,50,300,cold,after,['CyHV3_ORF40']
871,60281,Sniffles2.DEL.25ES0,DEL,-25,60306,0.926,1653,132,1785,N,GTATAGACCCGCGTCTCTCGCCAGA,3,65,300,cold,after,['CyHV3_ORF40']
872,60281,Sniffles2.DEL.147S0,DEL,-25,60306,0.944,152,9,161,N,GTATAGACCCGCGTCTCTCGCCAGA,4,65,300,cold,after,['CyHV3_ORF40']
873,60281,Sniffles2.DEL.472S0,DEL,-25,60306,0.378,143,235,378,N,GTATAGACCCGCGTCTCTCGCCAGA,5,50,300,cold,after,['CyHV3_ORF40']
874,60281,Sniffles2.DEL.157S0,DEL,-25,60306,0.553,105,85,190,N,GTATAGACCCGCGTCTCTCGCCAGA,5,65,300,cold,after,['CyHV3_ORF40']
875,60281,Sniffles2.DEL.22DS0,DEL,-25,60306,0.918,787,70,857,N,GTATAGACCCGCGTCTCTCGCCAGA,6,15,300,heat,before,['CyHV3_ORF40']
876,60281,Sniffles2.DEL.141S0,DEL,-25,60306,0.474,81,90,171,N,GTATAGACCCGCGTCTCTCGCCAGA,6,65,300,heat,after,['CyHV3_ORF40']
877,60281,Sniffles2.DEL.29CS0,DEL,-25,60306,1.0,1963,0,1963,N,GTATAGACCCGCGTCTCTCGCCAGA,6,90,300,heat,after,['CyHV3_ORF40']
878,60281,Sniffles2.DEL.2F8S0,DEL,-25,60306,0.343,359,688,1047,N,GTATAGACCCGCGTCTCTCGCCAGA,7,50,300,heat,after,['CyHV3_ORF40']
879,60281,Sniffles2.DEL.1A7S0,DEL,-25,60306,0.377,136,225,361,N,GTATAGACCCGCGTCTCTCGCCAGA,7,65,300,heat,after,['CyHV3_ORF40']
880,60281,Sniffles2.DEL.2E3S0,DEL,-25,60306,1.0,1971,0,1971,N,GTATAGACCCGCGTCTCTCGCCAGA,7,90,300,heat,after,['CyHV3_ORF40']
881,60281,Sniffles2.DEL.42AS0,DEL,-25,60306,0.296,110,261,371,N,GTATAGACCCGCGTCTCTCGCCAGA,8,50,300,heat,after,['CyHV3_ORF40']
882,60281,Sniffles2.DEL.14BS0,DEL,-25,60306,0.97,192,6,198,N,GTATAGACCCGCGTCTCTCGCCAGA,8,65,300,heat,after,['CyHV3_ORF40']
883,60281,Sniffles2.DEL.329S0,DEL,-25,60306,1.0,2717,0,2717,N,GTATAGACCCGCGTCTCTCGCCAGA,8,90,300,heat,after,['CyHV3_ORF40']
884,60281,Sniffles2.DEL.196S0,DEL,-25,60306,1.0,331,0,331,N,GTATAGACCCGCGTCTCTCGCCAGA,9,65,300,heat,after,['CyHV3_ORF40']
885,60281,Sniffles2.DEL.450S0,DEL,-25,60306,0.47,285,322,607,N,GTATAGACCCGCGTCTCTCGCCAGA,10,50,300,heat,after,['CyHV3_ORF40']
886,60281,Sniffles2.DEL.171S0,DEL,-25,60306,0.554,118,95,213,N,GTATAGACCCGCGTCTCTCGCCAGA,10,65,300,heat,after,['CyHV3_ORF40']
887,60281,Sniffles2.DEL.274S0,DEL,-25,60306,1.0,1043,0,1043,N,GTATAGACCCGCGTCTCTCGCCAGA,10,90,300,heat,after,['CyHV3_ORF40']
924,69696,Sniffles2.INS.DFS0,INS,17,69696,0.086,194,2054,2248,<INS>,N,2,65,306,cold,after,['CyHV3_ORF43']
925,69696,Sniffles2.INS.F5S0,INS,17,69696,0.032,80,2383,2463,<INS>,N,3,90,306,cold,after,['CyHV3_ORF43']
926,69696,Sniffles2.INS.43S0,INS,17,69696,0.107,18,151,169,TCCAGCAGTCCCAGCAG,N,4,65,306,cold,after,['CyHV3_ORF43']
927,69696,Sniffles2.INS.56S0,INS,17,69696,0.036,11,293,304,TCCCAGCAGTCCAGCAG,N,7,65,306,heat,after,['CyHV3_ORF43']
928,69696,Sniffles2.INS.43S0,INS,17,69696,0.065,14,200,214,TCCAGCAGTCCCAGCAG,N,10,65,306,heat,after,['CyHV3_ORF43']
1002,83046,Sniffles2.INS.FFS0,INS,39,83046,0.234,964,3160,4124,ACCAGAAGCAGCCGAAGCAGCCGAAGCAGCCGAAGC,N,1,90,334,cold,after,['CyHV3_ORF48']
1020,83046,Sniffles2.INS.103S0,INS,84,83046,0.097,475,4427,4902,CGAAGCAGCCGAAGCAGCCGAAGCAGCCGAAGCAGCCGAAGCAGCCGAAGCAGCCGAAGCAGCCGAAGCAGCCGAAGCAGACACCAAACCCAA,N,2,90,339,cold,after,['CyHV3_ORF48']
1029,83046,Sniffles2.INS.ECS0,INS,39,83046,0.196,723,2964,3687,AAGCAGACGAAGCGAACAACAACAACGGCCACCAAACCC,N,5,90,348,cold,after,['CyHV3_ORF48']
1032,83046,Sniffles2.INS.DES0,INS,84,83046,0.068,118,1610,1728,AGCAGCCGAAGCAGCCGAAGCAGCCGAAGCAGCCGAAGCAGCCGAAGCAGACGGAGCAGATGATGATGACTACCACCAAAC,N,6,90,351,heat,after,['CyHV3_ORF48']
1038,83046,Sniffles2.INS.9ES0,INS,39,83046,0.225,208,717,925,ACCAGAGCAGCCGAAGCAGCCGGAGACGA,N,10,90,357,heat,after,['CyHV3_ORF48']
1039,83046,Sniffles2.INS.A1S0,INS,84,83046,0.093,86,839,925,AAGCAGCCGAAGCAGCCGAAGCAGCCGAAGCAGCCGAAGCAGCCGAAGCAGCCGAAGCAGCCGCAAGCAGCCCCACCAAACCCAA,N,10,90,358,heat,after,['CyHV3_ORF48']
1052,83076,Sniffles2.INS.EDS0,INS,48,83076,0.746,2750,937,3687,CGAAGCAGCCGAAGCAGCCGAAGCAGCCGAAGCAGACCAAACCCGACG,N,5,90,363,cold,after,['CyHV3_ORF48']
1133,91094,Sniffles2.DEL.2BBS0,DEL,-12,91106,0.052,39,716,755,N,AACCACCGAGGT,10,90,381,heat,after,['CyHV3_ORF52']
1309,133271,Sniffles2.DEL.2D2S0,DEL,-12,133283,0.903,894,96,990,N,CCCTCACCCTCA,1,30,439,cold,choc,['CyHV3_ORF69']
1310,133271,Sniffles2.DEL.2B4S0,DEL,-12,133283,0.817,717,161,878,N,CCCTCACCCTCA,1,65,439,cold,after,['CyHV3_ORF69']
1311,133271,Sniffles2.DEL.2D7S0,DEL,-12,133283,1.0,2135,0,2135,N,CCCTCACCCTCA,2,65,439,cold,after,['CyHV3_ORF69']
1312,133271,Sniffles2.DEL.29AS0,DEL,-12,133283,0.913,1505,143,1648,N,CCCTCACCCTCA,3,65,439,cold,after,['CyHV3_ORF69']
1313,133271,Sniffles2.DEL.1EDS0,DEL,-12,133283,0.797,141,36,177,N,CCCTCACCCTCA,4,65,439,cold,after,['CyHV3_ORF69']
1314,133271,Sniffles2.DEL.513S0,DEL,-12,133283,0.523,193,176,369,N,CCCTCACCCTCA,5,50,439,cold,after,['CyHV3_ORF69']
1315,133271,Sniffles2.DEL.1E8S0,DEL,-12,133283,0.544,81,68,149,N,CCCTCACCCTCA,5,65,439,cold,after,['CyHV3_ORF69']
1316,133271,Sniffles2.DEL.295S0,DEL,-12,133283,0.717,458,181,639,N,CCCTCACCCTCA,6,15,439,heat,before,['CyHV3_ORF69']
1317,133271,Sniffles2.DEL.1D6S0,DEL,-12,133283,0.37,51,87,138,N,CCCTCACCCTCA,6,65,439,heat,after,['CyHV3_ORF69']
1318,133271,Sniffles2.DEL.302S0,DEL,-12,133283,0.857,1529,256,1785,N,CCCTCACCCTCA,6,90,439,heat,after,['CyHV3_ORF69']
1319,133271,Sniffles2.DEL.26FS0,DEL,-12,133283,0.651,177,95,272,N,CCCTCACCCTCA,7,65,439,heat,after,['CyHV3_ORF69']
1320,133271,Sniffles2.DEL.332S0,DEL,-12,133283,0.783,1404,389,1793,N,CCCTCACCCTCA,7,90,439,heat,after,['CyHV3_ORF69']
1321,133271,Sniffles2.DEL.1E6S0,DEL,-12,133283,0.89,170,21,191,N,CCCTCACCCTCA,8,65,439,heat,after,['CyHV3_ORF69']
1322,133271,Sniffles2.DEL.261S0,DEL,-12,133283,0.908,227,23,250,N,CCCTCACCCTCA,9,65,439,heat,after,['CyHV3_ORF69']
1323,133271,Sniffles2.DEL.4B7S0,DEL,-12,133283,0.593,334,229,563,N,CCCTCACCCTCA,10,50,439,heat,after,['CyHV3_ORF69']
1324,133271,Sniffles2.DEL.212S0,DEL,-12,133283,0.647,130,71,201,N,CCCTCACCCTCA,10,65,439,heat,after,['CyHV3_ORF69']
1325,133271,Sniffles2.DEL.33DS0,DEL,-12,133283,0.84,776,148,924,N,CCCTCACCCTCA,10,90,439,heat,after,['CyHV3_ORF69']
1335,143509,Sniffles2.DEL.5A9S0,DEL,-24,143533,0.375,110,183,293,N,CTGTACCCTCTCAACCGGTAACCT,1,15,447,cold,before,['CyHV3_ORF78']
1336,143509,Sniffles2.DEL.2E2S0,DEL,-24,143533,0.104,106,915,1021,N,CTGTACCCTCTCAACCGGTAACCT,1,30,447,cold,choc,['CyHV3_ORF78']
1337,143509,Sniffles2.DEL.2C7S0,DEL,-24,143533,0.328,312,638,950,N,CTGTACCCTCTCAACCGGTAACCT,1,65,447,cold,after,['CyHV3_ORF78']
1338,143509,Sniffles2.DEL.51CS0,DEL,-24,143533,0.831,275,56,331,N,CTGTACCCTCTCAACCGGTAACCT,2,15,447,cold,before,['CyHV3_ORF78']
1339,143509,Sniffles2.DEL.3E3S0,DEL,-24,143533,0.552,307,249,556,N,CTGTACCCTCTCAACCGGTAACCT,3,15,447,cold,before,['CyHV3_ORF78']
1340,143509,Sniffles2.DEL.205S0,DEL,-24,143533,0.216,36,131,167,N,CTGTACCCTCTCAACCGGTAACCT,4,65,447,cold,after,['CyHV3_ORF78']
1341,143509,Sniffles2.DEL.52AS0,DEL,-24,143533,0.844,401,74,475,N,CTGTACCCTCTCAACCGGTAACCT,5,15,447,cold,before,['CyHV3_ORF78']
1342,143509,Sniffles2.DEL.530S0,DEL,-24,143533,0.435,160,208,368,N,CTGTACCCTCTCAACCGGTAACCT,5,50,447,cold,after,['CyHV3_ORF78']
1343,143509,Sniffles2.DEL.203S0,DEL,-24,143533,0.49,77,80,157,N,CTGTACCCTCTCAACCGGTAACCT,5,65,447,cold,after,['CyHV3_ORF78']
1344,143509,Sniffles2.DEL.1EBS0,DEL,-24,143533,0.775,110,32,142,N,CTGTACCCTCTCAACCGGTAACCT,6,65,447,heat,after,['CyHV3_ORF78']
1345,143509,Sniffles2.DEL.318S0,DEL,-24,143533,0.905,1638,172,1810,N,CTGTACCCTCTCAACCGGTAACCT,6,90,447,heat,after,['CyHV3_ORF78']
1346,143509,Sniffles2.DEL.284S0,DEL,-24,143533,0.732,216,79,295,N,CTGTACCCTCTCAACCGGTAACCT,7,65,447,heat,after,['CyHV3_ORF78']
1347,143509,Sniffles2.DEL.349S0,DEL,-24,143533,0.852,1515,264,1779,N,CTGTACCCTCTCAACCGGTAACCT,7,90,447,heat,after,['CyHV3_ORF78']
1348,143509,Sniffles2.DEL.503S0,DEL,-24,143533,0.634,243,140,383,N,CTGTACCCTCTCAACCGGTAACCT,8,50,447,heat,after,['CyHV3_ORF78']
1349,143509,Sniffles2.DEL.281S0,DEL,-24,143533,0.413,114,162,276,N,CTGTACCCTCTCAACCGGTAACCT,9,65,447,heat,after,['CyHV3_ORF78']
1350,143509,Sniffles2.DEL.4C5S0,DEL,-24,143533,0.72,406,158,564,N,CTGTACCCTCTCAACCGGTAACCT,10,50,447,heat,after,['CyHV3_ORF78']
1351,143509,Sniffles2.DEL.22DS0,DEL,-24,143533,0.739,173,61,234,N,CTGTACCCTCTCAACCGGTAACCT,10,65,447,heat,after,['CyHV3_ORF78']
1352,143509,Sniffles2.DEL.35FS0,DEL,-24,143533,0.891,824,101,925,N,CTGTACCCTCTCAACCGGTAACCT,10,90,447,heat,after,['CyHV3_ORF78']
1401,143612,Sniffles2.DEL.35ES0,DEL,-10,143622,0.105,97,823,920,N,CTCTCAACCG,10,90,463,heat,after,['CyHV3_ORF78']
1402,152722,Sniffles2.DEL.2E4S0,DEL,-12,152734,0.022,20,894,914,N,TCTCGGGGCCCC,1,65,464,cold,after,['CyHV3_ORF82']
1403,152722,Sniffles2.DEL.323S0,DEL,-12,152734,0.073,128,1632,1760,N,TCTCGGGGCCCC,6,90,464,heat,after,['CyHV3_ORF82']
1404,152722,Sniffles2.DEL.357S0,DEL,-12,152734,0.067,120,1665,1785,N,TCTCGGGGCCCC,7,90,464,heat,after,['CyHV3_ORF82']
1405,152722,Sniffles2.DEL.294S0,DEL,-12,152734,0.071,19,247,266,N,TCTCGGGGCCCC,9,65,464,heat,after,['CyHV3_ORF82']
1406,152722,Sniffles2.DEL.379S0,DEL,-12,152734,0.05,45,851,896,N,TCTCGGGGCCCC,10,90,464,heat,after,['CyHV3_ORF82']
1408,155446,Sniffles2.DEL.5D0S0,DEL,-33,155479,0.585,206,146,352,N,CTGAGCCGGGGGCTGATTGGGCTGATTGGGAGG,1,15,466,cold,before,['CyHV3_ORF84']
1409,155446,Sniffles2.DEL.30CS0,DEL,-33,155479,0.857,867,145,1012,N,CTGAGCCGGGGGCTGATTGGGCTGATTGGGAGG,1,30,466,cold,choc,['CyHV3_ORF84']
1410,155446,Sniffles2.DEL.2E7S0,DEL,-33,155479,0.855,802,136,938,N,CTGAGCCGGGGGCTGATTGGGCTGATTGGGAGG,1,65,466,cold,after,['CyHV3_ORF84']
1411,155446,Sniffles2.DEL.3FES0,DEL,-33,155479,0.328,178,365,543,N,CTGAGCCGGGGGCTGATTGGGCTGATTGGGAGG,3,15,466,cold,before,['CyHV3_ORF84']
1412,155446,Sniffles2.DEL.143S0,DEL,-33,155479,1.0,1454,0,1454,N,CTGAGCCGGGGGCTGATTGGGCTGATTGGGAGG,3,30,466,cold,choc,['CyHV3_ORF84']
1413,155446,Sniffles2.DEL.22AS0,DEL,-33,155479,0.775,134,39,173,N,CTGAGCCGGGGGCTGATTGGGCTGATTGGGAGG,4,65,466,cold,after,['CyHV3_ORF84']
1414,155446,Sniffles2.DEL.54AS0,DEL,-33,155479,0.257,97,280,377,N,CTGAGCCGGGGGCTGATTGGGCTGATTGGGAGG,5,50,466,cold,after,['CyHV3_ORF84']
1415,155446,Sniffles2.DEL.32ES0,DEL,-33,155479,0.995,1768,9,1777,N,CTGAGCCGGGGGCTGATTGGGCTGATTGGGAGG,6,90,466,heat,after,['CyHV3_ORF84']
1416,155446,Sniffles2.DEL.2A3S0,DEL,-33,155479,0.241,75,236,311,N,CTGAGCCGGGGGCTGATTGGGCTGATTGGGAGG,7,65,466,heat,after,['CyHV3_ORF84']
1417,155446,Sniffles2.DEL.35ES0,DEL,-33,155479,0.932,1678,122,1800,N,CTGAGCCGGGGGCTGATTGGGCTGATTGGGAGG,7,90,466,heat,after,['CyHV3_ORF84']
1418,155446,Sniffles2.DEL.20BS0,DEL,-33,155479,0.836,138,27,165,N,CTGAGCCGGGGGCTGATTGGGCTGATTGGGAGG,8,65,466,heat,after,['CyHV3_ORF84']
1419,155446,Sniffles2.DEL.353S0,DEL,-33,155479,1.0,2312,0,2312,N,CTGAGCCGGGGGCTGATTGGGCTGATTGGGAGG,8,90,466,heat,after,['CyHV3_ORF84']
1420,155446,Sniffles2.DEL.29ES0,DEL,-33,155479,0.835,223,44,267,N,CTGAGCCGGGGGCTGATTGGGCTGATTGGGAGG,9,65,466,heat,after,['CyHV3_ORF84']
1421,155446,Sniffles2.DEL.24DS0,DEL,-33,155479,0.352,70,129,199,N,CTGAGCCGGGGGCTGATTGGGCTGATTGGGAGG,10,65,466,heat,after,['CyHV3_ORF84']
1422,155446,Sniffles2.DEL.383S0,DEL,-33,155479,1.0,938,0,938,N,CTGAGCCGGGGGCTGATTGGGCTGATTGGGAGG,10,90,466,heat,after,['CyHV3_ORF84']
1801,210810,Sniffles2.DEL.65BS0,DEL,-18,210828,0.476,160,176,336,N,GAAGATGAAGAAGATGAA,1,15,588,cold,before,['CyHV3_ORF116']
1802,210810,Sniffles2.DEL.359S0,DEL,-18,210828,0.823,893,192,1085,N,GAAGATGAAGAAGATGAA,1,30,588,cold,choc,['CyHV3_ORF116']
1803,210810,Sniffles2.DEL.38AS0,DEL,-18,210828,0.407,325,473,798,N,GAAGATGAAGAAGATGAA,1,65,588,cold,after,['CyHV3_ORF116']
1804,210810,Sniffles2.DEL.47AS0,DEL,-18,210828,0.388,255,402,657,N,GAAGATGAAGAAGATGAA,3,15,588,cold,before,['CyHV3_ORF116']
1805,210810,Sniffles2.DEL.2EDS0,DEL,-18,210828,0.631,998,583,1581,N,GAAGATGAAGAAGATGAA,3,65,588,cold,after,['CyHV3_ORF116']
1806,210810,Sniffles2.DEL.2ABS0,DEL,-18,210828,0.409,74,107,181,N,GAAGATGAAGAAGATGAA,4,65,588,cold,after,['CyHV3_ORF116']
1807,210810,Sniffles2.DEL.286S0,DEL,-18,210828,0.123,22,157,179,N,GAAGATGAAGAAGATGAA,5,65,588,cold,after,['CyHV3_ORF116']
1808,210810,Sniffles2.DEL.2DCS0,DEL,-18,210828,0.826,666,140,806,N,GAAGATGAAGAAGATGAA,6,15,588,heat,before,['CyHV3_ORF116']
1809,210810,Sniffles2.DEL.398S0,DEL,-18,210828,0.084,142,1558,1700,N,GAAGATGAAGAAGATGAA,6,90,588,heat,after,['CyHV3_ORF116']
1810,210810,Sniffles2.DEL.340S0,DEL,-18,210828,0.256,88,256,344,N,GAAGATGAAGAAGATGAA,7,65,588,heat,after,['CyHV3_ORF116']
1811,210810,Sniffles2.DEL.3A8S0,DEL,-18,210828,0.123,214,1521,1735,N,GAAGATGAAGAAGATGAA,7,90,588,heat,after,['CyHV3_ORF116']
1812,210810,Sniffles2.DEL.5A4S0,DEL,-18,210828,0.131,50,333,383,N,GAAGATGAAGAAGATGAA,8,50,588,heat,after,['CyHV3_ORF116']
1813,210810,Sniffles2.DEL.290S0,DEL,-18,210828,0.654,119,63,182,N,GAAGATGAAGAAGATGAA,8,65,588,heat,after,['CyHV3_ORF116']
1814,210810,Sniffles2.DEL.336S0,DEL,-18,210828,0.771,225,67,292,N,GAAGATGAAGAAGATGAA,9,65,588,heat,after,['CyHV3_ORF116']
1815,210810,Sniffles2.DEL.2CES0,DEL,-18,210828,0.184,39,173,212,N,GAAGATGAAGAAGATGAA,10,65,588,heat,after,['CyHV3_ORF116']
1816,210810,Sniffles2.DEL.42ES0,DEL,-18,210828,0.079,69,804,873,N,GAAGATGAAGAAGATGAA,10,90,588,heat,after,['CyHV3_ORF116']
1840,214607,Sniffles2.INS.115S0,INS,60,214607,0.018,16,849,865,CCGCTGCCGCCAGCGCCCGCGTCGAGGCCATGGAGTCCGAGGCCTCCTCCGCTGAGGCCT,N,1,65,592,cold,after,['CyHV3_ORF121']
1841,214607,Sniffles2.INS.284S0,INS,60,214607,0.004,15,4201,4216,CCGCTGCCGCCAGCGCCCGCGTCGAGGCCATGGAGTCCGAGGCCTCCTCCGCTGAGGCCT,N,1,90,592,cold,after,['CyHV3_ORF121']
1842,214607,Sniffles2.INS.222S0,INS,60,214607,0.335,743,1475,2218,CCGCTGCCGCCAGCGCCCGCGTCGAGGCCATGGAGTCCGAGGCCTCCTCCGCTGAGGCCT,N,2,65,592,cold,after,['CyHV3_ORF121']
1843,214607,Sniffles2.INS.287S0,INS,60,214607,0.007,35,4887,4922,CCGCTGCCGCCAGCGCCCGCGTCGAGGCCATGGAGTCCGAGGCCTCCTCCGCTGAGGCCT,N,2,90,592,cold,after,['CyHV3_ORF121']
1853,216443,Sniffles2.INS.220S0,INS,72,216443,0.074,87,1086,1173,CCTTCAGCACCTTCAGCACCTTCAGCACCAGCACCTTCAGCACCTTCAGCACCTTCAGCACCTTCAGCACCTTCAGCA,N,1,50,599,cold,after,['CyHV3_ORF122']
1854,216443,Sniffles2.INS.210S0,INS,72,216443,0.011,19,1782,1801,<INS>,N,7,90,599,heat,after,['CyHV3_ORF122']
1855,216443,Sniffles2.INS.272S0,INS,72,216443,0.008,17,2233,2250,<INS>,N,8,90,599,heat,after,['CyHV3_ORF122']
2106,231446,Sniffles2.INS.1FDS0,INS,12,231446,1.0,2026,0,2026,ACCTACCTGGTC,N,6,90,680,heat,after,['CyHV3_ORF136']
2107,231446,Sniffles2.INS.294S0,INS,12,231446,1.0,2353,0,2353,CCTTACCTGGTC,N,8,90,681,heat,after,['CyHV3_ORF136']
2137,240017,Sniffles2.DEL.3E4S0,DEL,-18,240035,0.126,110,764,874,N,CTCCACCAGCAGCTGCTC,1,65,688,cold,after,['CyHV3_ORF139']
2138,240017,Sniffles2.DEL.3DAS0,DEL,-18,240035,0.116,223,1694,1917,N,CTCCACCAGCAGCTGCTC,6,90,688,heat,after,['CyHV3_ORF139']
2139,240017,Sniffles2.DEL.3D8S0,DEL,-18,240035,0.12,243,1783,2026,N,CTCCACCAGCAGCTGCTC,7,90,688,heat,after,['CyHV3_ORF139']
2140,240017,Sniffles2.DEL.365S0,DEL,-18,240035,0.093,330,3221,3551,N,CTCCACCAGCAGCTGCTC,9,90,688,heat,after,['CyHV3_ORF139']
2141,240017,Sniffles2.DEL.489S0,DEL,-18,240035,0.136,128,810,938,N,CTCCACCAGCAGCTGCTC,10,90,688,heat,after,['CyHV3_ORF139']
2176,254131,Sniffles2.DEL.6DCS0,DEL,-18,254149,0.529,222,198,420,N,GAGGTTGAGGTTGAGGTT,1,15,698,cold,before,['CyHV3_ORF148']
2177,254131,Sniffles2.DEL.40DS0,DEL,-18,254149,1.0,1075,0,1075,N,GAGGTTGAGGTTGAGGTT,1,65,698,cold,after,['CyHV3_ORF148']
2178,254131,Sniffles2.DEL.303S0,DEL,-18,254149,1.0,2551,0,2551,N,GAGGTTGAGGTTGAGGTT,2,65,698,cold,after,['CyHV3_ORF148']
2179,254131,Sniffles2.DEL.31ES0,DEL,-18,254149,1.0,2096,0,2096,N,GAGGTTGAGGTTGAGGTT,3,65,698,cold,after,['CyHV3_ORF148']
2180,254131,Sniffles2.DEL.2FDS0,DEL,-18,254149,0.971,200,6,206,N,GAGGTTGAGGTTGAGGTT,4,65,698,cold,after,['CyHV3_ORF148']
2181,254131,Sniffles2.DEL.623S0,DEL,-18,254149,0.963,414,16,430,N,GAGGTTGAGGTTGAGGTT,5,50,698,cold,after,['CyHV3_ORF148']
2182,254131,Sniffles2.DEL.2F6S0,DEL,-18,254149,1.0,239,0,239,N,GAGGTTGAGGTTGAGGTT,5,65,698,cold,after,['CyHV3_ORF148']
2183,254131,Sniffles2.DEL.306S0,DEL,-18,254149,1.0,906,0,906,N,GAGGTTGAGGTTGAGGTT,6,15,698,heat,before,['CyHV3_ORF148']
2184,254131,Sniffles2.DEL.2D2S0,DEL,-18,254149,1.0,162,0,162,N,GAGGTTGAGGTTGAGGTT,6,65,698,heat,after,['CyHV3_ORF148']
2185,254131,Sniffles2.DEL.3FAS0,DEL,-18,254149,1.0,2142,0,2142,N,GAGGTTGAGGTTGAGGTT,6,90,698,heat,after,['CyHV3_ORF148']
2186,254131,Sniffles2.DEL.3BES0,DEL,-18,254149,1.0,379,0,379,N,GAGGTTGAGGTTGAGGTT,7,65,698,heat,after,['CyHV3_ORF148']
2187,254131,Sniffles2.DEL.3ECS0,DEL,-18,254149,1.0,2097,0,2097,N,GAGGTTGAGGTTGAGGTT,7,90,698,heat,after,['CyHV3_ORF148']
2188,254131,Sniffles2.DEL.5FES0,DEL,-18,254149,0.971,402,12,414,N,GAGGTTGAGGTTGAGGTT,8,50,698,heat,after,['CyHV3_ORF148']
2189,254131,Sniffles2.DEL.2E2S0,DEL,-18,254149,0.966,229,8,237,N,GAGGTTGAGGTTGAGGTT,8,65,698,heat,after,['CyHV3_ORF148']
2190,254131,Sniffles2.DEL.38DS0,DEL,-18,254149,1.0,2768,0,2768,N,GAGGTTGAGGTTGAGGTT,8,90,698,heat,after,['CyHV3_ORF148']
2191,254131,Sniffles2.DEL.3A3S0,DEL,-18,254149,1.0,303,0,303,N,GAGGTTGAGGTTGAGGTT,9,65,698,heat,after,['CyHV3_ORF148']
2192,254131,Sniffles2.DEL.53AS0,DEL,-18,254149,1.0,785,0,785,N,GAGGTTGAGGTTGAGGTT,10,50,698,heat,after,['CyHV3_ORF148']
2193,254131,Sniffles2.DEL.325S0,DEL,-18,254149,1.0,217,0,217,N,GAGGTTGAGGTTGAGGTT,10,65,698,heat,after,['CyHV3_ORF148']
2194,254131,Sniffles2.DEL.4B9S0,DEL,-18,254149,1.0,1101,0,1101,N,GAGGTTGAGGTTGAGGTT,10,90,698,heat,after,['CyHV3_ORF148']
2436,272039,Sniffles2.DEL.3ADS0,DEL,-15,272054,0.075,100,1233,1333,N,GCGTCTTCCTCTACG,1,30,763,cold,choc,['CyHV3_ORF156']
2437,272039,Sniffles2.DEL.439S0,DEL,-15,272054,0.074,46,576,622,N,GCGTCTTCCTCTACG,1,65,763,cold,after,['CyHV3_ORF156']
2438,272039,Sniffles2.DEL.63FS0,DEL,-15,272054,0.077,35,417,452,N,GCGTCTTCCTCTACG,5,50,763,cold,after,['CyHV3_ORF156']
2439,272039,Sniffles2.DEL.4F5S0,DEL,-15,272054,0.061,53,823,876,N,GCGTCTTCCTCTACG,10,90,763,heat,after,['CyHV3_ORF156']
